topic_slug,topic_name,entries,latest_work,topic_page
buenos-aires-bond,Buenos Aires Bond,1,2026-05-27,workbook/topics/buenos-aires-bond.md
fca-bank-of-china-stanchart,FCA London Banking Conduct,1,2026-05-08,workbook/topics/fca-bank-of-china-stanchart.md
french-authority-packet-hand-delivery,French Authority Packet Hand Delivery,1,2026-05-27,workbook/topics/french-authority-packet-hand-delivery.md
french-financial-corridor,French Financial Corridor,1,2026-05-18,workbook/topics/french-financial-corridor.md
gates-falconwood-harvard-two-trails,"Gates, Falconwood and Harvard: Two Trails Tell 1 Story",1,2026-05-27,workbook/topics/gates-falconwood-harvard-two-trails.md
irs-form-211-bates-evidence-packet,IRS Form 211 Bates Evidence Packet,1,2026-05-06,workbook/topics/irs-form-211-bates-evidence-packet.md
lithuania-panevezys-prosecutor-update,Lithuania Panevezys Prosecutor Update,1,2026-04-30,workbook/topics/lithuania-panevezys-prosecutor-update.md
olaf-mandelson-carbyne-acknowledgement-request,OLAF Mandelson / Carbyne Acknowledgement Request,1,2026-05-04,workbook/topics/olaf-mandelson-carbyne-acknowledgement-request.md
remoterat-rattrap,RemoteRAT / RATtrap,1,2026-05-25,workbook/topics/remoterat-rattrap.md
sec-ito-referral,SEC Ito Referral,2,2026-05-13,workbook/topics/sec-ito-referral.md
sec-ksa-bond-2016-omega,SEC KSA Bond 2016 Omega,1,2026-05-12,workbook/topics/sec-ksa-bond-2016-omega.md
singapore-cpib-formsg-submission,Singapore CPIB FormSG Submission,1,2026-05-04,workbook/topics/singapore-cpib-formsg-submission.md
thiel-reveal,Thiel Reveal,1,2026-05-25,workbook/topics/thiel-reveal.md
uhaul-evidence-transfer,U-Haul Evidence Transfer,1,2026-05-24,workbook/topics/uhaul-evidence-transfer.md
valar-southern-trust,Valar / Southern Trust,1,2026-05-26,workbook/topics/valar-southern-trust.md
zorro-ranch,Zorro Ranch,2,2026-05-26,workbook/topics/zorro-ranch.md
