filename,type,path,description
LT_Panevezys_Prosecutor_letter_2026-04-30.pdf,report,workbook/outputs/2026/04/30/lithuania-panevezys-prosecutor-update/reports/LT_Panevezys_Prosecutor_letter_2026-04-30.pdf,April 30 prosecutor letter
LT_attached_document_2026-05-22.pdf,report,workbook/outputs/2026/04/30/lithuania-panevezys-prosecutor-update/reports/LT_attached_document_2026-05-22.pdf,May 22 Lithuania IBPS attached document
LT_inbound_2026-04-30_IBPS-S-248320-26.eml,raw,workbook/outputs/2026/04/30/lithuania-panevezys-prosecutor-update/raw/email/LT_inbound_2026-04-30_IBPS-S-248320-26.eml,April 30 inbound agency email
LT_inbound_2026-05-22_IBPS-S-292773-26.eml,raw,workbook/outputs/2026/04/30/lithuania-panevezys-prosecutor-update/raw/email/LT_inbound_2026-05-22_IBPS-S-292773-26.eml,May 22 inbound agency email
LT_outbound_reply_2026-05-23.eml,raw,workbook/outputs/2026/04/30/lithuania-panevezys-prosecutor-update/raw/email/LT_outbound_reply_2026-05-23.eml,May 23 outbound reply
LT_MANIFEST.sha256,other,workbook/outputs/2026/04/30/lithuania-panevezys-prosecutor-update/other/LT_MANIFEST.sha256,Supplied hash manifest
LT_MANIFEST.sha256.asc,other,workbook/outputs/2026/04/30/lithuania-panevezys-prosecutor-update/other/LT_MANIFEST.sha256.asc,Detached signature for supplied hash manifest
LT_MANIFEST.sha256.asc.ots,other,workbook/outputs/2026/04/30/lithuania-panevezys-prosecutor-update/other/LT_MANIFEST.sha256.asc.ots,OpenTimestamps file for supplied signature
CORE_SHA256SUMS.txt,other,workbook/outputs/2026/04/30/lithuania-panevezys-prosecutor-update/other/CORE_SHA256SUMS.txt,SHA-256 fingerprints for copied core files
